job_id,skill_id
1,1
1,90
1,91
1,92
1,93
2,66
2,69
2,71
2,9
2,51
2,55
3,1
3,2
3,33
3,5
3,109
3,110
3,111
3,122
4,2
4,36
4,69
4,12
4,51
4,52
4,53
4,54
4,122
4,124
5,5
5,69
5,7
5,71
5,41
5,51
5,21
5,55
5,23
6,1
6,66
6,67
6,69
6,70
6,71
6,72
6,73
6,18
7,1
8,1
8,69
8,71
8,87
8,88
8,90
8,92
9,64
9,109
9,112
9,113
9,63
10,51
10,12
10,54
11,12
13,120
13,121
14,1
14,66
14,67
14,68
14,69
14,70
14,71
14,101
14,74
14,113
14,18
14,58
17,88
18,66
18,67
18,71
18,109
18,51
18,53
18,60
19,66
19,67
19,101
19,71
19,74
19,109
19,113
19,53
19,58
21,1
21,33
21,34
21,5
21,69
21,39
21,101
21,12
21,21
21,23
21,24
23,12
23,109
23,54
24,12
24,109
24,54
27,32
30,32
31,101
32,12
32,54
33,1
33,65
33,66
33,67
33,5
33,38
33,69
33,71
33,51
33,20
33,21
33,84
33,122
33,123
33,61
36,51
36,12
36,54
37,64
37,71
38,88
43,101
43,9
43,88
43,121
43,120
44,112
44,109
44,71
46,64
46,71
47,101
47,115
47,61
47,47
51,101
51,108
51,109
51,12
51,120
51,121
52,122
53,88
53,1
53,101
53,5
56,112
57,101
57,102
57,108
57,120
57,121
57,122
58,96
58,1
58,69
58,12
58,81
58,87
58,88
58,90
58,94
59,112
59,109
59,71
61,32
61,47
61,48
61,20
61,88
61,121
61,120
62,71
63,112
64,109
65,12
65,20
65,52
65,54
65,55
65,56
65,88
66,64
66,113
66,71
68,112
68,113
68,12
68,109
69,113
70,1
70,2
70,101
70,5
70,70
70,103
70,104
70,108
70,120
70,122
70,126
71,33
71,5
71,6
71,51
71,52
71,55
71,122
72,69
72,47
72,48
72,115
72,122
72,61
73,32
73,98
73,88
73,121
73,120
74,81
74,1
74,82
74,12
76,5
76,12
76,47
76,48
76,20
76,54
76,122
77,5
77,12
77,47
77,48
77,20
77,54
77,122
78,32
78,121
78,98
78,120
79,32
81,64
81,108
81,12
81,88
81,121
81,122
81,120
82,112
84,88
85,113
85,109
88,112
89,122
89,91
90,32
90,48
90,20
90,47
91,1
91,20
91,5
91,52
93,101
94,1
94,71
94,47
94,88
94,63
95,1
95,33
95,34
95,5
95,37
95,38
95,69
95,12
95,20
95,21
95,22
95,23
95,88
95,122
95,123
96,33
96,34
96,35
96,66
96,5
96,6
96,69
96,70
96,122
96,12
96,21
96,24
96,56
96,88
98,32
98,20
99,112
99,113
99,109
99,71
100,32
100,121
100,88
100,120
101,112
101,109
101,71
102,1
102,71
102,47
102,88
102,63
103,33
103,35
103,5
103,101
103,102
103,104
103,12
103,108
103,88
103,121
103,122
103,120
104,32
105,33
105,66
105,35
105,5
105,6
105,69
105,70
105,43
105,52
105,56
105,122
105,88
105,124
106,88
106,112
106,101
107,112
107,113
107,71
108,71
109,1
109,2
109,71
109,74
109,87
109,88
109,58
111,131
111,69
111,40
111,12
111,113
111,54
111,88
111,122
111,124
112,1
112,5
112,6
112,12
112,21
112,24
112,33
112,43
112,45
112,47
112,48
112,51
112,52
112,55
112,56
112,61
112,63
112,69
112,88
112,97
112,109
112,122
113,32
113,12
113,120
113,121
113,122
114,66
114,131
114,5
114,69
114,40
114,12
114,51
114,20
114,52
114,54
114,122
114,124
114,126
114,127
115,113
117,81
117,82
117,99
117,109
120,5
120,12
120,47
120,48
120,20
120,54
120,122
121,97
121,5
121,69
121,7
121,41
121,20
121,88
121,122
121,28
121,127
123,112
124,32
124,12
124,120
124,121
124,122
125,113
127,5
127,69
127,40
127,12
127,20
127,52
127,54
127,122
127,124
127,127
128,12
128,53
130,32
131,1
131,98
131,12
132,112
132,109
134,64
135,33
135,34
135,35
135,5
135,69
135,12
135,109
135,21
135,23
135,88
135,122
139,32
139,69
139,11
139,47
139,127
144,112
144,113
146,1
146,66
146,5
146,6
146,7
146,69
146,71
146,20
146,52
146,56
146,58
146,63
150,109
150,110
150,112
150,113
150,18
151,2
151,36
151,69
151,122
151,12
151,78
151,51
151,52
151,53
151,54
151,55
151,56
151,58
151,124
151,127
153,69
153,40
153,12
153,54
153,122
153,127
156,113
156,71
157,71
158,113
158,109
159,32
159,12
159,51
159,52
159,53
159,54
159,120
159,121
160,88
160,91
161,5
161,71
161,109
161,20
161,88
162,109
162,71
164,5
164,6
164,69
164,20
164,21
164,24
164,88
164,30
167,5
167,69
167,7
167,41
167,12
167,51
167,20
167,21
167,54
167,23
167,122
167,124
167,127
169,5
169,6
169,69
169,20
169,21
169,24
169,88
169,30
170,12
170,54
171,109
174,53
175,112
175,109
175,71
177,101
177,103
177,108
177,12
177,88
177,121
177,122
177,120
178,5
178,7
178,20
178,21
178,23
178,33
178,35
178,41
178,51
178,55
178,56
178,58
178,63
178,65
178,66
178,69
178,70
178,88
178,97
178,122
180,48
180,122
180,108
180,47
181,1
181,2
181,99
181,98
181,13
182,5
182,69
182,7
182,41
182,12
182,51
182,20
182,21
182,54
182,23
182,122
182,124
182,127
183,112
183,109
184,101
184,103
184,108
184,120
184,121
184,122
186,122
188,109
189,124
189,12
191,1
191,12
192,32
192,5
192,69
192,20
192,21
192,23
192,27
192,29
192,31
193,131
193,5
193,12
193,20
193,54
193,56
193,121
193,122
193,120
193,127
194,69
194,102
194,70
194,103
194,9
194,104
194,12
194,108
194,120
194,122
197,32
197,88
197,12
197,20
198,32
198,48
198,47
199,2
199,69
199,11
199,47
199,122
200,113
200,12
200,54
200,71
202,53
204,98
205,112
206,32
206,108
206,12
207,109
208,112
208,109
209,5
209,40
209,12
209,109
209,20
209,54
209,88
209,127
210,5
210,40
210,12
210,109
210,20
210,54
210,127
211,12
211,54
212,88
212,12
213,120
214,64
214,121
214,120
215,109
216,88
216,121
216,122
216,120
217,32
217,122
217,109
218,9
218,101
218,13
218,122
219,32
221,64
221,88
221,109
222,109
225,1
225,97
225,101
225,87
225,88
225,90
225,91
225,92
225,93
225,94
226,112
226,114
227,1
227,12
227,77
227,78
227,76
227,109
227,82
229,101
230,120
230,121
230,122
231,120
231,121
232,88
232,97
232,101
233,32
234,2
234,36
234,68
234,71
234,12
234,53
234,122
234,127
235,2
235,11
235,47
235,125
235,122
235,124
235,61
235,126
235,127
236,1
236,2
236,5
236,101
236,102
236,103
236,104
236,12
236,108
236,109
236,88
236,122
238,88
238,81
238,82
239,33
239,5
239,7
239,41
239,51
239,20
239,54
239,55
239,88
240,109
240,46
240,16
240,80
240,88
240,122
241,64
241,2
241,66
241,36
241,67
241,6
241,68
241,69
241,70
241,12
241,78
241,22
241,125
241,126
243,9
243,98
243,12
243,101
244,66
244,67
244,69
244,70
244,43
244,45
244,21
244,24
244,121
244,122
244,120
246,64
246,63
247,32
247,46
247,52
247,21
247,88
247,121
247,122
247,120
248,2
248,101
248,103
248,106
248,122
249,101
250,64
250,71
250,75
250,12
250,109
250,113
250,51
250,54
250,60
251,32
251,121
251,88
251,120
252,32
252,121
252,88
252,120
253,122
253,12
253,53
254,101
254,12
254,112
254,113
254,54
257,32
257,88
257,20
258,96
258,1
258,97
258,98
258,99
258,12
258,81
258,87
258,88
258,94
259,64
259,1
259,65
259,75
259,12
259,78
259,81
259,87
259,88
259,90
259,92
259,93
259,94
259,63
260,88
260,109
261,109
262,32
263,115
263,69
263,61
265,101
265,103
265,105
265,108
265,47
265,48
265,115
265,116
265,120
265,121
265,122
266,32
266,5
266,6
266,69
266,107
266,20
266,21
266,23
266,122
266,30
267,5
267,45
267,46
267,47
267,48
267,20
267,21
267,120
267,121
267,122
268,2
268,66
268,71
268,75
268,109
268,112
268,113
268,51
268,52
269,96
269,1
269,98
269,99
269,12
269,81
269,82
269,51
269,52
269,53
269,54
269,86
271,66
271,69
271,71
271,75
271,109
271,112
271,52
271,56
272,64
272,2
272,66
272,36
272,67
272,69
272,70
272,122
272,74
272,12
272,109
272,111
272,51
272,52
272,56
272,58
272,124
272,63
273,12
273,81
273,82
273,52
273,53
273,54
274,32
274,48
274,91
275,113
275,71
276,122
277,2
277,70
277,11
277,46
277,47
277,16
277,88
277,122
277,124
277,125
277,127
278,1
278,98
278,12
280,33
280,34
280,35
280,5
280,6
280,69
280,12
280,108
280,51
280,52
280,122
280,124
282,32
282,20
284,67
284,69
284,71
284,109
284,112
285,131
285,12
285,51
285,54
285,55
285,122
285,123
286,69
286,41
286,109
286,51
286,52
286,23
286,122
287,129
287,2
287,5
287,12
287,33
287,56
287,63
287,65
287,66
287,67
287,69
287,70
287,71
287,78
287,88
287,109
287,120
287,121
287,122
287,123
287,124
287,125
288,33
288,35
288,5
288,51
288,55
288,23
288,122
288,123
289,112
289,109
290,64
290,65
290,109
290,63
291,122
291,12
291,126
292,2
292,53
296,32
296,88
296,20
297,113
297,71
298,1
298,100
298,69
298,87
298,88
298,90
299,69
299,10
299,43
299,48
299,120
299,121
299,122
299,61
299,127
300,112
300,109
301,64
301,1
301,66
301,67
301,69
301,7
301,71
301,72
301,73
301,74
301,113
301,18
301,122
302,97
302,98
302,121
302,88
302,89
302,120
303,2
303,67
303,66
303,36
303,68
303,69
303,70
303,101
303,78
303,53
303,120
303,121
303,122
303,125
303,126
303,127
305,32
305,121
305,120
305,127
307,96
307,1
307,66
307,67
307,97
307,122
307,12
307,87
307,88
307,89
307,90
307,91
307,92
307,93
307,94
307,95
308,101
308,9
308,45
308,21
308,122
309,112
309,113
310,1
310,2
310,68
310,69
310,70
310,101
310,104
310,108
310,47
310,48
310,120
310,121
310,122
310,123
310,126
311,1
311,2
311,9
311,18
311,51
311,52
311,55
311,56
311,60
311,63
311,64
311,65
311,66
311,67
311,68
311,69
311,70
311,71
311,72
311,73
311,78
311,101
311,109
311,113
312,66
312,67
312,71
312,75
312,113
314,66
314,67
314,109
314,71
315,66
315,131
315,69
315,122
315,71
315,40
315,123
315,12
315,78
315,52
315,21
315,54
315,24
315,56
315,88
315,124
315,125
315,126
316,1
316,9
316,18
316,55
316,56
316,58
316,63
316,64
316,65
316,66
316,67
316,68
316,69
316,70
316,71
316,72
316,73
316,74
316,78
316,88
316,101
316,112
316,113
316,123
317,54
317,12
317,52
318,98
318,12
318,109
318,54
319,33
319,2
319,66
319,5
319,69
319,70
319,123
319,12
319,109
319,55
319,56
319,121
319,122
319,88
319,120
320,1
320,129
320,67
320,101
320,73
320,74
320,18
320,126
321,69
321,5
321,101
321,20
321,21
321,22
321,88
321,121
321,122
321,120
322,98
322,101
323,5
323,7
323,41
323,12
323,51
323,20
323,23
323,122
323,127
324,71
324,47
326,1
326,98
326,99
326,101
326,12
326,88
326,122
327,108
327,122
327,123
327,12
328,108
328,122
328,123
328,12
330,71
330,47
331,97
331,70
331,6
331,9
331,22
331,88
331,122
332,108
332,122
332,123
332,12
333,1
333,87
333,88
333,90
333,91
333,92
333,93
335,120
335,12
336,33
336,66
336,35
336,5
336,6
336,69
336,70
336,43
336,52
336,56
336,122
336,88
336,124
337,76
337,77
337,81
337,82
337,53
337,86
337,87
337,88
337,121
337,120
338,2
338,12
338,36
338,43
338,44
338,51
338,52
338,53
338,55
338,56
338,60
338,66
338,67
338,69
338,70
338,72
338,73
338,78
338,103
338,106
338,107
338,108
338,113
338,122
338,123
338,127
339,2
339,36
339,5
339,44
339,21
339,53
339,56
339,123
340,32
340,33
340,5
340,69
340,109
340,21
340,22
340,122
341,98
341,99
341,12
341,109
341,81
341,82
341,51
341,52
341,86
341,87
341,63
342,2
342,66
342,36
342,5
342,67
342,69
342,70
342,122
342,109
342,111
342,21
342,53
342,55
342,56
342,58
342,123
342,30
343,5
343,40
343,12
343,20
343,54
343,23
345,1
345,7
345,71
345,74
345,109
345,112
345,18
345,19
345,54
346,112
346,109
347,98
347,12
348,33
348,66
348,35
348,5
348,6
348,69
348,70
348,43
348,52
348,56
348,122
348,88
348,124
349,33
349,2
349,66
349,5
349,69
349,7
349,71
349,9
349,41
349,123
349,12
349,51
349,52
349,55
349,56
349,122
349,88
349,126
350,71
350,12
350,109
350,112
350,113
350,114
351,120
351,121
352,32
352,101
352,105
352,12
352,108
352,120
352,121
352,122
353,65
353,33
353,66
353,67
353,69
353,70
353,78
353,21
353,55
353,120
353,121
353,123
353,63
354,65
354,1
354,12
354,76
354,77
354,109
354,84
354,63
355,1
355,66
355,68
355,69
355,70
355,71
355,74
355,75
355,12
355,109
355,18
355,54
355,88
355,60
356,9
358,33
358,34
358,5
358,7
358,41
358,109
358,21
358,22
358,23
358,122
361,122
361,12
361,69
361,102
362,88
362,109
363,88
363,13
364,109
364,46
364,16
364,80
364,88
364,122
365,88
365,69
366,32
366,115
366,88
367,2
367,36
367,78
367,56
367,123
368,112
368,71
369,2
369,66
369,36
369,67
369,71
369,12
369,109
369,78
369,51
369,54
369,55
369,56
369,58
369,123
370,1
370,97
370,100
370,72
370,75
370,12
370,77
370,79
370,82
370,85
370,87
370,88
370,63
372,64
372,1
372,66
372,67
372,69
372,70
372,71
372,72
372,73
372,74
372,78
372,111
372,112
372,18
372,52
372,55
372,58
372,63
373,33
373,35
373,9
373,109
373,51
373,52
373,55
373,123
374,2
374,101
374,5
374,6
374,103
374,20
375,69
375,101
375,40
375,12
375,54
375,88
375,122
375,91
375,125
376,1
376,5
376,102
376,103
377,64
377,65
377,109
377,112
377,63
379,120
379,121
381,2
381,69
381,11
381,47
381,122
382,98
382,99
382,75
382,12
382,82
383,112
385,33
385,2
385,35
385,66
385,5
385,67
385,69
385,71
385,45
385,109
385,47
385,48
385,18
385,52
385,21
385,55
385,24
385,122
387,64
387,1
387,65
387,97
387,39
387,91
387,78
387,87
387,56
387,90
387,88
387,92
387,93
387,63
388,129
388,12
388,43
388,51
388,52
388,54
388,55
388,56
388,59
388,63
388,64
388,65
388,66
388,67
388,70
388,78
388,120
388,121
388,123
388,126
389,64
389,40
389,127
389,120
389,121
389,124
389,126
389,63
390,2
390,36
390,70
390,22
390,122
391,96
391,1
391,98
391,99
391,69
391,12
391,79
391,81
391,87
391,88
392,88
392,12
392,101
394,88
394,101
394,13
394,71
395,1
395,66
395,122
395,87
395,88
395,89
395,90
395,92
395,93
396,97
396,6
396,9
396,22
396,88
396,122
397,109
397,110
397,111
397,112
397,114
397,88
398,1
398,2
398,12
398,76
398,14
398,77
398,109
398,82
399,81
399,98
399,12
400,97
400,69
400,40
400,123
400,12
400,109
400,54
400,88
400,122
400,91
400,125
401,97
401,69
401,40
401,123
401,12
401,109
401,54
401,88
401,122
401,91
401,125
402,109
403,2
403,36
403,70
403,12
403,109
403,52
403,53
403,55
403,120
403,121
403,122
403,123
403,60
404,32
404,109
404,47
404,48
404,88
404,120
405,64
405,121
405,12
405,120
406,97
406,69
406,40
406,123
406,12
406,109
406,54
406,88
406,122
406,91
406,125
407,101
407,69
407,108
407,88
407,122
408,120
408,121
409,112
409,113
409,109
409,71
410,98
410,12
411,2
411,69
411,22
411,122
412,71
412,109
412,111
412,112
412,113
412,114
413,98
413,12
414,88
414,98
414,12
416,65
416,1
416,98
416,99
416,101
416,12
416,82
416,84
416,61
417,101
417,103
417,107
417,88
417,120
418,129
418,70
418,12
418,109
418,44
418,111
418,88
418,122
418,124
418,125
418,126
419,32
419,12
419,52
419,53
419,120
420,2
420,9
420,12
420,14
420,21
420,22
420,33
420,36
420,44
420,51
420,52
420,56
420,60
420,66
420,67
420,69
420,70
420,76
420,77
420,78
420,80
420,87
420,88
420,106
420,109
420,122
420,123
420,127
421,97
421,69
421,40
421,123
421,12
421,109
421,54
421,88
421,122
421,91
421,125
422,64
422,109
423,88
423,122
424,98
426,1
426,2
426,131
426,5
426,12
426,20
426,21
426,22
426,23
426,24
426,33
426,36
426,39
426,40
426,51
426,52
426,54
426,66
426,69
426,70
426,109
426,120
426,121
426,122
427,16
427,122
427,124
427,46
428,122
428,55
428,7
429,1
429,13
430,32
430,101
430,88
430,121
430,120
431,5
431,12
431,109
431,120
431,121
432,2
432,6
432,21
432,23
432,24
432,33
432,34
432,35
432,36
432,45
432,46
432,51
432,52
432,55
432,56
432,63
432,64
432,65
432,66
432,67
432,69
432,78
432,88
432,97
432,122
432,125
433,69
434,32
434,12
434,120
434,121
434,122
434,127
436,33
436,2
436,5
436,69
436,70
436,9
436,12
436,122
440,9
440,12
440,108
440,88
440,121
440,122
440,120
441,88
441,122
441,12
441,53
442,47
443,48
443,122
443,101
443,47
444,64
444,109
445,33
445,66
445,5
445,6
445,69
445,71
445,101
445,43
445,51
445,52
445,56
445,122
445,88
446,122
446,109
447,64
447,1
447,65
447,97
447,122
447,109
447,87
447,88
447,90
447,92
447,93
447,63
448,66
448,67
448,68
448,69
448,70
448,101
448,131
448,12
448,46
448,78
448,54
448,55
448,56
448,58
448,123
448,124
448,125
449,81
449,98
449,12
450,81
450,98
450,12
451,64
451,69
452,108
452,82
452,120
452,121
452,122
454,21
454,20
454,5
454,122
455,88
456,108
456,122
456,123
456,12
459,66
459,70
459,71
459,72
459,73
459,109
459,112
459,113
460,120
460,121
461,1
461,98
461,101
461,12
461,79
461,81
461,82
461,122
462,1
462,2
462,18
462,51
462,54
462,55
462,56
462,57
462,58
462,67
462,69
462,70
462,71
462,72
462,73
462,74
462,75
462,109
462,112
462,122
462,123
463,12
464,2
464,10
464,11
464,45
464,46
464,47
464,48
464,17
464,21
464,88
464,121
464,120
466,69
466,11
466,46
466,47
466,16
466,122
466,61
467,1
467,66
467,67
467,68
467,69
467,70
467,71
467,72
467,9
467,73
467,74
467,101
467,112
467,113
467,18
467,58
467,123
467,126
468,64
468,65
468,69
468,12
468,76
468,77
468,79
468,81
468,82
468,51
468,83
468,53
468,86
468,120
468,121
468,122
468,63
469,88
469,109
470,32
472,71
472,74
472,109
472,112
472,58
473,121
474,1
474,65
474,66
474,67
474,72
474,9
474,73
474,74
474,109
474,112
474,113
474,18
474,58
474,63
476,1
476,98
476,99
476,12
476,13
477,32
477,121
477,122
477,120
478,120
478,121
478,101
479,122
479,12
480,1
480,98
480,12
480,109
480,81
480,82
480,54
480,122
481,2
481,10
481,11
481,45
481,46
481,47
481,48
481,17
481,21
481,88
481,121
481,120
482,1
482,97
482,71
482,10
482,15
482,18
482,87
482,88
483,66
483,5
483,70
483,12
483,20
483,53
483,22
483,54
483,122
484,9
484,12
484,109
484,81
484,82
484,51
484,52
484,53
484,54
484,86
484,87
484,122
484,88
485,69
486,1
486,101
486,12
486,13
486,84
487,1
487,2
487,65
487,67
487,68
487,69
487,70
487,72
487,75
487,12
487,77
487,14
487,78
487,79
487,85
487,63
490,1
490,66
490,67
490,6
490,9
490,12
490,109
490,52
490,120
490,121
490,122
491,2
491,36
491,5
491,51
491,52
492,1
492,2
492,66
492,67
492,37
492,97
492,39
492,9
492,44
492,109
492,52
492,55
492,88
492,90
492,123
493,12
493,53
494,66
494,101
494,70
494,103
494,105
494,12
494,108
494,51
494,53
494,54
494,120
494,121
494,122
495,2
495,36
495,5
495,68
495,69
495,70
495,78
495,20
495,52
495,22
495,53
495,56
495,122
495,60
495,127
496,64
496,71
496,109
496,114
496,63
497,2
497,36
497,70
497,71
497,122
497,78
497,51
497,56
497,57
497,58
497,88
498,117
498,118
498,119
498,120
498,121
499,1
499,97
499,100
499,122
499,39
499,87
499,88
499,89
499,90
499,91
499,92
499,93
499,126
500,1
500,2
500,33
500,5
500,37
500,39
500,122
500,9
500,78
500,51
500,53
500,54
500,56
500,58
500,125
500,126
501,97
501,122
502,120
504,2
504,66
504,36
504,68
504,69
504,70
504,12
504,109
504,52
504,21
504,22
504,122
504,123
504,63
505,67
505,70
505,71
505,72
505,74
505,112
505,113
505,58
505,63
506,35
506,5
506,13
506,24
506,122
506,125
507,1
507,67
507,101
507,71
507,78
507,18
507,114
507,58
508,2
508,36
508,69
508,12
508,51
508,52
508,53
508,122
508,123
508,124
508,125
508,126
508,127
509,66
509,70
509,7
509,71
509,41
509,75
509,108
509,109
509,78
509,52
509,21
509,56
509,122
509,88
510,2
510,36
510,68
510,69
510,70
510,78
510,52
510,53
510,22
510,56
510,122
510,60
510,127
511,1
511,98
511,99
511,12
511,13
511,81
511,83
512,113
513,1
513,12
513,13
513,14
513,51
513,52
513,53
513,54
513,63
513,64
513,65
513,70
513,76
513,77
513,78
513,79
513,81
513,82
513,83
513,84
513,85
513,86
513,98
513,99
513,101
513,122
514,120
514,108
514,101
514,70
515,66
515,67
515,69
515,70
515,71
515,40
515,101
515,45
515,13
515,46
515,21
515,22
515,56
515,88
515,125
516,1
516,2
516,97
516,109
516,87
516,88
516,91
516,125
517,88
517,121
517,120
518,64
518,65
518,2
518,36
518,5
518,12
518,81
518,82
518,52
518,53
518,54
518,24
518,121
518,122
518,120
518,63
519,96
519,1
519,12
519,84
519,87
519,61
519,94
520,64
520,1
520,5
520,6
520,39
520,20
520,21
520,24
520,63
521,64
521,33
521,67
521,69
521,70
521,72
521,109
521,112
521,120
521,121
521,122
521,123
522,33
522,129
522,68
522,5
522,69
522,70
522,40
522,126
522,63
524,9
524,12
524,81
524,82
524,53
525,64
525,1
525,65
525,75
525,12
525,77
525,78
525,79
525,109
525,82
525,83
525,85
525,87
525,88
525,63
526,1
526,2
526,5
526,6
526,12
526,52
526,54
526,63
526,64
526,66
526,69
526,70
526,82
526,85
526,87
526,88
526,97
526,100
526,101
526,108
526,122
526,123
527,122
527,12
527,101
529,1
529,9
529,21
529,37
529,39
529,52
529,55
529,56
529,58
529,66
529,67
529,69
529,70
529,74
529,78
529,88
529,97
529,122
529,124
529,126
530,2
530,60
530,53
530,122
531,33
531,70
531,7
531,9
531,12
531,120
531,121
531,122
531,123
531,125
532,2
532,5
532,6
532,20
532,21
532,22
532,36
532,46
532,51
532,52
532,53
532,56
532,63
532,66
532,67
532,69
532,78
532,108
532,122
532,124
533,66
533,67
533,68
533,69
533,70
533,71
533,74
533,77
533,78
533,109
533,18
533,52
533,55
533,120
533,58
534,71
535,2
535,36
536,32
536,122
536,88
537,120
537,121
538,1
538,98
538,99
538,12
538,13
538,87
538,61
540,65
540,2
540,36
540,68
540,12
540,127
540,78
540,51
540,20
540,53
540,54
540,120
540,121
540,123
540,124
540,125
540,63
542,98
542,99
542,101
543,12
543,82
543,120
543,121
543,122
544,1
544,98
544,101
544,12
544,51
544,88
544,122
544,126
545,66
545,67
545,68
545,69
545,70
545,71
545,122
545,74
545,109
545,112
545,113
545,18
545,114
545,58
546,66
546,67
546,68
546,69
546,70
546,71
546,122
546,74
546,109
546,112
546,113
546,18
546,114
546,58
548,2
548,66
548,36
548,5
548,67
548,68
548,70
548,51
548,20
548,53
548,22
548,23
548,55
548,56
548,125
548,127
549,2
549,9
549,12
549,53
549,120
549,121
550,1
550,97
550,87
550,88
550,89
550,122
551,9
551,109
552,123
552,66
552,67
552,110
553,64
553,2
553,66
553,36
553,5
553,67
553,69
553,70
553,12
553,127
553,51
553,20
553,52
553,53
553,122
553,124
553,63
554,64
554,1
554,12
554,79
554,82
554,83
554,52
554,84
554,85
554,88
554,122
555,1
555,2
555,129
555,9
555,11
555,12
555,21
555,23
555,26
555,43
555,44
555,63
555,64
555,65
555,66
555,67
555,70
555,71
555,72
555,88
555,112
555,114
555,122
556,5
556,69
556,7
556,71
556,41
556,51
556,20
556,21
556,22
556,23
556,52
556,122
556,29
558,66
558,67
558,68
558,69
558,70
558,122
558,72
558,73
558,74
558,58
558,123
559,5
559,40
559,109
559,88
559,123
559,124
559,125
559,126
560,64
560,109
561,5
561,109
561,123
561,124
561,126
562,88
562,2
563,120
563,121
564,32
564,9
564,12
564,108
564,120
564,121
565,64
565,88
565,63
566,66
566,67
566,70
566,40
566,12
566,109
566,78
566,53
566,54
566,56
566,122
566,123
567,88
567,91
568,1
568,2
568,33
568,66
568,5
568,6
568,7
568,69
568,70
568,97
568,101
568,109
568,88
568,121
568,122
568,120
568,125
569,1
569,12
569,77
569,13
569,76
569,109
569,81
569,87
569,88
569,90
569,92
569,93
571,1
571,68
571,69
571,70
571,71
571,113
572,96
572,1
572,101
572,12
572,81
572,51
572,84
572,88
573,88
573,98
573,12
573,109
574,96
574,1
574,98
574,99
574,12
574,77
574,79
574,82
574,88
575,1
575,108
575,20
575,55
575,120
575,122
576,112
576,113
577,112
577,109
578,98
578,84
578,101
579,98
580,9
580,98
581,126
583,65
583,1
583,100
583,12
583,79
583,87
583,88
585,109
585,71
586,88
587,88
590,100
590,109
590,82
590,87
590,88
590,122
590,123
591,101
592,1
592,66
592,69
592,70
592,71
592,101
592,75
592,12
592,79
592,81
592,82
592,52
592,54
592,88
592,122
593,1
593,2
593,33
593,66
593,67
593,68
593,70
593,71
593,72
593,73
593,74
593,101
593,18
593,58
593,123
594,108
594,12
594,51
594,52
594,54
594,122
595,70
595,108
595,12
595,109
595,122
596,1
596,2
596,66
596,36
596,67
596,68
596,69
596,70
596,12
596,109
596,53
596,22
596,55
596,122
596,123
597,5
597,6
597,12
597,33
597,35
597,43
597,51
597,52
597,55
597,56
597,58
597,63
597,69
597,70
597,78
597,88
597,109
597,122
597,123
597,124
597,125
597,126
598,120
598,121
598,53
599,108
599,122
599,12
600,122
600,109
601,1
601,98
601,99
601,12
601,84
601,87
601,88
602,65
602,1
602,98
602,99
602,101
602,12
602,82
602,84
602,61
603,1
603,98
603,12
604,120
604,2
604,47
605,1
605,71
605,15
605,18
605,19
605,120
605,121
606,18
606,71
607,1
607,101
608,1
608,68
608,101
608,70
609,120
609,121
610,96
610,1
610,12
610,77
610,109
610,79
610,88
610,63
611,96
611,12
611,79
611,88
611,63
612,64
612,1
612,65
612,12
612,77
612,109
612,81
612,82
612,87
612,88
612,63
613,32
613,12
613,120
613,121
613,122
614,112
614,113
614,109
614,71
615,1
615,69
615,101
615,12
615,13
615,81
615,83
615,84
615,53
616,64
616,1
616,66
616,100
616,69
616,85
616,87
616,88
616,92
616,93
616,94
616,63
617,32
617,9
617,12
617,109
617,120
617,121
617,122
618,5
618,12
618,51
618,20
618,52
618,53
618,54
618,122
618,124
618,127
619,64
619,1
619,101
619,71
619,109
619,112
619,113
619,18
619,53
619,126
619,63
620,32
620,121
620,120
621,98
621,99
621,101
621,12
621,87
621,88
621,121
621,120
622,67
622,101
622,114
622,88
622,121
623,64
623,67
623,101
623,71
623,72
623,73
623,109
623,63
624,97
624,66
624,67
624,44
624,88
624,89
624,122
624,91
624,92
624,93
625,2
625,69
625,70
625,11
625,47
625,61
625,127
626,1
626,2
626,66
626,67
626,97
626,12
626,77
626,14
626,78
626,79
626,82
626,55
626,88
626,58
626,62
627,2
627,12
627,36
627,47
627,48
627,55
627,56
627,61
627,66
627,69
627,70
627,88
627,106
627,122
627,123
627,124
627,125
627,126
627,127
628,69
628,10
628,43
628,48
628,17
628,125
628,122
628,124
628,61
628,126
628,127
629,112
629,114
629,109
629,111
631,122
632,1
632,5
632,18
632,33
632,51
632,52
632,53
632,58
632,60
632,66
632,68
632,69
632,70
632,71
632,74
632,75
632,109
632,112
632,113
633,71
633,109
633,110
633,111
633,122
634,64
634,1
634,33
634,65
634,66
634,5
634,6
634,69
634,70
634,97
634,109
634,21
634,88
634,122
634,123
634,125
634,63
636,88
637,2
637,66
637,36
637,12
637,45
637,51
637,21
637,56
637,122
637,123
637,127
638,98
638,99
638,12
638,79
638,81
638,82
639,98
639,99
639,12
639,79
639,81
639,82
640,112
640,113
641,66
641,69
641,70
641,122
642,64
642,1
642,65
642,98
642,69
642,75
642,12
642,77
642,109
642,81
642,82
642,51
642,52
642,53
642,54
642,83
642,85
642,63
643,120
643,121
644,98
644,101
644,12
644,81
644,88
645,12
646,64
646,65
646,66
646,67
646,73
646,63
647,1
647,66
647,100
647,70
647,87
647,88
647,122
648,32
648,35
648,68
648,69
648,70
648,101
648,45
648,21
648,88
648,121
648,123
648,120
649,1
649,98
649,99
649,12
649,13
649,109
651,13
652,64
652,1
652,65
652,67
652,71
652,12
652,13
652,76
652,77
652,85
652,87
652,90
652,92
652,95
652,63
654,5
654,6
654,20
654,23
654,122
655,98
655,12
656,1
656,2
656,33
656,5
656,6
656,20
656,21
656,122
657,33
657,2
657,65
657,66
657,5
657,69
657,70
657,12
657,44
657,51
657,52
657,55
657,56
657,122
657,123
657,125
657,63
658,5
658,6
658,12
658,44
658,51
658,52
658,55
658,56
658,122
658,123
658,125
659,32
660,64
660,1
660,66
660,67
660,5
660,70
660,71
660,75
660,109
660,113
660,91
662,115
662,91
663,115
663,69
664,67
664,68
664,69
664,70
665,66
665,68
665,69
665,70
665,7
665,71
665,41
665,108
665,78
665,124
665,51
665,56
665,121
665,122
665,120
665,125
667,12
667,54
668,2
668,36
668,12
668,51
668,53
668,123
668,63
669,64
669,65
669,66
669,67
669,69
669,70
669,71
669,74
669,12
669,109
669,112
669,113
669,58
669,63
670,64
670,65
670,97
670,5
670,40
670,12
670,109
670,20
670,53
670,54
670,88
670,122
670,127
670,125
670,63
671,64
671,109
671,112
671,88
671,63
672,1
672,2
672,109
672,110
672,111
672,88
675,88
675,1
675,97
675,87
676,33
676,2
676,66
676,5
676,69
676,7
676,70
676,9
676,122
676,12
676,78
676,111
676,51
676,56
676,121
676,58
676,120
676,63
678,1
678,129
678,9
678,44
678,52
678,56
678,62
678,66
678,67
678,70
678,74
678,78
678,79
678,87
678,88
678,97
678,109
678,122
678,126
679,101
679,81
679,88
679,122
679,127
680,71
680,47
681,9
681,109
681,13
681,110
681,112
681,114
682,1
682,66
682,67
682,97
682,122
682,39
682,79
682,81
682,88
682,58
683,61
684,32
684,88
684,20
685,1
685,97
685,87
685,88
685,89
686,1
686,66
686,97
686,69
686,101
686,39
686,71
686,44
686,56
686,88
686,62
687,1
687,97
687,5
687,122
687,87
687,88
687,89
687,90
687,93
687,94
688,88
688,102
689,101
689,102
690,120
690,121
690,101
691,32
691,88
691,121
691,122
691,120
692,121
693,5
693,6
693,9
693,12
693,21
693,24
693,33
693,35
693,43
693,44
693,63
693,66
693,67
693,69
693,70
693,78
693,87
693,88
693,120
693,121
694,32
694,5
694,7
694,9
694,41
694,124
694,51
694,20
694,88
694,122
694,27
694,28
694,125
695,32
695,115
695,88
696,88
696,81
696,12
697,66
697,67
697,68
697,69
697,70
697,71
697,72
697,73
697,74
697,101
697,109
697,112
697,58
698,70
698,108
698,12
698,109
698,120
698,121
698,122
699,33
699,2
699,36
699,5
699,69
699,12
699,53
699,56
699,122
699,63
700,2
700,5
700,6
700,9
700,33
700,35
700,36
700,43
700,44
700,52
700,55
700,56
700,63
700,66
700,67
700,70
700,78
700,110
700,111
700,122
700,123
701,97
701,87
701,88
701,90
701,91
702,70
702,109
702,110
702,111
702,122
703,2
703,36
703,69
703,71
703,12
703,124
703,51
703,53
703,54
703,60
704,64
704,70
704,9
704,12
704,109
704,82
704,122
705,32
705,88
708,97
708,101
708,13
708,21
708,87
708,88
708,121
708,122
708,120
708,126
709,81
709,82
709,12
709,98
710,1
710,2
710,5
710,7
710,9
710,21
710,22
710,23
710,24
710,33
710,34
710,35
710,37
710,39
710,51
710,52
710,66
710,69
710,81
710,82
710,109
710,122
711,113
711,109
713,64
713,65
713,2
713,67
713,70
713,12
713,109
713,46
713,52
713,21
713,22
713,53
713,54
713,122
713,63
715,64
715,1
715,5
715,6
715,70
715,101
715,103
715,12
715,108
715,21
715,122
716,101
716,9
716,12
716,47
716,48
716,88
716,121
716,120
717,1
717,121
717,130
717,5
717,71
717,12
717,81
717,20
717,21
717,22
717,23
717,24
717,53
717,54
717,88
717,120
718,98
720,1
720,2
720,33
720,5
720,69
720,122
720,44
720,108
720,51
720,20
720,21
720,52
720,55
720,24
720,58
720,123
720,125
720,127
721,88
722,1
722,33
722,66
722,58
722,5
722,67
722,69
722,40
722,9
722,70
722,122
722,12
722,21
722,53
722,55
722,24
722,56
722,123
724,109
725,12
726,112
726,109
726,71
727,88
728,112
728,109
729,66
729,67
729,68
729,69
729,70
729,71
729,122
729,74
729,109
729,112
729,113
729,18
729,114
729,58
730,71
730,74
730,109
730,112
730,114
732,101
732,102
733,9
733,13
734,9
737,61
739,88
740,69
740,70
740,43
740,46
740,47
740,16
740,48
740,120
740,121
740,122
740,61
741,64
741,1
741,2
741,65
741,75
741,12
741,76
741,14
741,77
741,78
741,79
741,82
741,63
742,1
742,2
742,33
742,34
742,5
742,36
742,37
742,69
742,9
742,43
742,78
742,51
742,52
742,55
742,122
742,125
742,126
743,1
743,2
743,33
743,34
743,5
743,36
743,37
743,69
743,9
743,51
743,52
743,55
743,56
743,123
744,101
744,70
744,103
744,12
744,120
744,121
744,122
745,108
745,12
746,88
746,122
746,109
746,110
747,2
747,12
747,54
747,120
747,121
748,1
748,66
748,67
748,38
748,39
748,70
748,12
748,109
748,78
748,51
748,52
748,55
748,56
748,122
748,123
749,88
749,101
749,53
751,66
751,70
751,71
751,78
751,51
751,52
751,53
751,56
751,122
751,124
751,125
753,109
754,12
755,40
755,12
755,54
756,131
756,69
756,40
756,12
756,109
756,52
756,54
756,122
756,124
756,125
756,126
757,32
757,88
758,33
758,5
758,6
758,69
758,109
758,20
758,21
759,9
760,64
760,109
761,71
761,51
761,52
761,53
761,55
761,60
762,64
762,1
762,65
762,96
762,98
762,12
762,77
762,108
762,81
762,82
762,83
762,52
762,84
762,54
762,88
762,122
762,63
764,64
764,65
764,2
764,66
764,36
764,69
764,101
764,78
764,51
764,52
764,88
764,123
764,60
764,125
764,63
765,120
766,98
766,12
767,1
767,101
767,71
767,113
767,18
768,64
768,114
769,113
771,13
772,120
772,109
773,1
773,76
773,77
773,87
773,88
773,89
773,90
773,92
773,93
773,126
774,65
774,66
774,67
774,68
774,69
774,70
774,71
774,72
774,109
774,123
774,63
775,120
775,121
775,122
775,123
776,112
776,71
777,1
777,71
777,109
777,111
777,112
777,113
777,18
777,122
778,115
778,116
778,61
779,71
780,101
780,109
780,112
780,88
780,126
780,63
781,9
781,88
781,121
781,120
781,63
782,9
782,88
782,121
782,120
782,63
783,98
783,99
783,12
783,109
783,81
783,51
783,54
784,1
784,67
784,68
784,69
784,70
784,101
784,72
784,9
784,73
784,74
784,18
784,63
786,131
786,6
786,9
786,12
786,21
786,31
786,46
786,52
786,54
786,60
786,63
786,64
786,65
786,66
786,67
786,69
786,70
786,78
786,88
786,120
786,121
786,122
786,123
786,124
786,126
787,88
787,66
787,109
787,71
788,32
788,108
789,66
789,67
789,71
789,12
789,52
789,53
789,54
790,1
790,2
790,67
790,66
790,12
790,109
790,78
790,122
790,123
791,1
791,101
791,69
791,13
793,120
793,121
793,103
794,33
794,35
794,52
794,122
794,123
795,32
795,122
795,12
796,88
796,122
796,101
797,2
797,66
797,36
797,67
797,70
797,122
797,123
797,78
797,52
797,56
797,58
797,88
797,124
797,125
797,126
798,101
798,108
798,120
798,121
798,122
799,2
799,66
799,36
799,67
799,70
799,122
799,78
799,52
799,56
799,58
799,123
799,124
799,125
799,126
800,1
800,33
800,5
800,37
800,39
800,12
800,109
800,52
800,21
800,54
800,23
800,88
800,122
801,78
801,51
801,52
801,53
801,54
801,56
801,58
801,60
801,63
803,88
803,91
803,12
804,1
804,2
804,66
804,36
804,67
804,69
804,70
804,123
804,78
804,56
804,88
804,120
804,126
804,63
805,33
805,5
805,6
805,12
805,21
805,122
806,32
806,88
807,128
807,2
807,101
807,69
807,103
807,106
807,12
807,108
807,122
808,1
808,98
808,12
808,101
809,64
809,65
809,66
809,67
809,70
809,9
809,44
809,78
809,51
809,52
809,56
809,122
809,123
809,126
809,63
810,110
810,63
811,71
811,109
811,113
811,114
811,58
812,120
812,122
813,2
813,36
813,69
813,12
813,78
813,124
813,51
813,53
813,54
813,88
813,121
813,120
813,125
813,127
814,66
814,71
814,12
814,109
814,52
814,53
814,54
814,22
814,125
815,32
815,109
815,47
815,48
815,20
815,120
815,121
815,91
817,2
817,66
817,36
817,5
817,67
817,69
817,70
817,12
817,21
817,122
818,79
818,81
818,82
818,51
818,52
818,53
818,86
818,63
819,32
819,6
819,20
819,22
819,88
819,122
820,2
820,66
820,36
820,5
820,68
820,69
820,70
820,51
820,21
820,53
820,55
820,120
820,121
820,122
820,123
821,71
823,33
823,12
823,112
823,52
823,54
824,33
824,5
824,70
824,51
824,24
824,121
824,122
824,88
824,120
824,63
825,5
825,7
825,41
825,51
825,22
825,23
826,122
826,101
826,102
827,9
827,98
827,69
828,1
828,69
828,70
828,12
828,77
828,82
828,51
828,87
828,88
828,63
829,1
829,101
829,12
829,69
831,1
831,129
831,12
831,101
832,5
832,6
832,69
832,40
832,70
832,12
832,20
832,21
832,54
832,23
832,120
832,122
832,127
834,33
834,2
834,65
834,36
834,69
834,70
834,7
834,41
834,51
834,52
834,21
834,22
834,23
834,55
834,122
834,88
834,63
835,112
835,109
836,48
836,10
836,88
836,69
837,113
838,2
838,36
838,5
838,71
838,12
838,18
838,20
838,122
838,127
839,1
839,66
839,67
839,7
839,71
839,18
840,109
840,71
841,101
841,71
841,109
841,112
841,113
842,1
842,97
842,12
842,77
842,76
842,109
842,87
842,88
842,89
842,122
842,125
843,97
843,101
843,71
843,109
843,88
843,122
844,109
844,110
845,1
845,2
845,5
845,6
845,9
845,11
845,12
845,15
845,21
845,23
845,26
845,43
845,44
845,63
845,64
845,65
845,66
845,67
845,68
845,69
845,70
845,71
845,72
845,78
845,88
845,97
845,109
845,111
845,112
845,114
845,122
845,123
846,1
846,98
846,99
846,12
846,13
846,109
846,87
847,112
847,109
848,1
848,33
848,66
848,97
848,5
848,38
848,39
848,69
848,9
848,101
848,12
848,13
848,21
848,88
848,122
849,97
849,121
849,100
849,87
849,88
849,89
849,90
849,91
849,120
851,98
851,99
851,12
851,101
853,2
853,36
854,115
855,115
855,124
855,125
856,115
858,112
859,1
859,66
859,33
859,69
859,12
860,2
860,36
860,69
860,71
860,75
860,120
860,51
860,52
860,56
860,58
860,60
860,126
861,2
861,36
861,5
861,68
861,70
861,74
861,12
861,20
861,21
861,52
861,53
861,55
861,121
861,56
861,59
861,120
861,63
862,2
862,101
862,71
862,11
862,47
863,2
863,11
863,47
863,124
863,125
863,126
865,53
865,71
866,109
866,115
866,91
866,125
866,127
867,88
867,98
867,101
867,122
868,122
868,12
868,53
869,1
869,2
869,71
869,7
869,20
869,88
871,112
872,5
872,7
872,12
872,45
872,47
872,48
872,51
872,20
872,21
872,53
873,109
874,101
875,88
875,98
875,99
875,12
876,88
876,97
876,116
876,69
877,116
878,1
878,66
878,67
878,101
878,71
878,9
878,74
878,109
878,112
878,113
878,18
878,114
878,88
880,2
880,11
880,47
880,122
880,91
880,124
880,127
881,101
881,104
881,108
881,120
881,122
882,58
882,63
882,64
882,65
882,66
882,67
882,68
882,69
882,70
882,72
882,73
882,74
882,75
882,78
882,88
882,101
882,113
882,120
882,121
882,122
882,123
885,112
886,1
886,33
886,65
886,66
886,5
886,69
886,70
886,71
886,9
886,18
886,122
886,123
886,63
887,64
887,129
887,66
887,67
887,70
887,71
887,88
887,63
888,64
888,1
888,65
888,109
888,113
888,18
888,88
888,63
889,1
889,98
889,99
889,75
889,12
889,13
889,109
889,79
889,82
889,51
889,52
889,83
889,54
889,84
889,87
889,88
891,33
892,82
892,76
892,77
892,78
893,112
893,71
894,64
894,65
894,66
894,67
894,68
894,69
894,70
894,72
894,73
894,109
894,120
894,121
894,63
895,1
895,13
895,39
895,63
895,64
895,65
895,66
895,67
895,70
895,74
895,87
895,88
895,89
895,90
895,91
895,92
895,93
895,97
895,100
895,109
895,122
896,106
896,103
897,66
897,67
897,101
897,69
897,73
897,120
898,120
898,121
899,1
899,2
899,101
899,9
899,12
899,53
899,54
899,55
899,120
899,122
901,114
901,71
902,64
902,70
902,63
903,73
903,1
903,18
903,71
904,120
904,121
905,71
906,40
908,91
908,101
909,1
909,2
909,33
909,66
909,5
909,69
909,7
909,40
909,70
909,131
909,109
909,51
909,20
909,52
909,122
910,109
912,109
912,110
912,111
912,112
912,114
912,88
913,32
913,108
913,12
913,88
913,120
914,1
914,2
914,33
914,56
914,63
914,65
914,66
914,67
914,69
914,70
914,71
914,78
914,103
914,107
914,120
914,121
914,122
914,124
914,126
915,64
915,9
915,12
915,120
916,66
916,67
916,68
916,69
916,70
916,71
916,74
916,109
916,47
916,48
916,55
916,58
916,63
917,66
917,67
917,68
917,69
917,70
917,71
917,74
917,109
917,47
917,48
917,55
917,63
918,88
920,101
920,71
920,73
920,74
920,75
920,18
920,51
920,52
920,53
920,58
920,60
921,64
921,65
921,111
921,120
921,122
921,123
921,125
921,63
922,112
922,113
922,71
923,101
923,71
923,112
923,113
923,126
924,1
924,12
925,2
925,36
925,69
925,51
925,52
925,53
925,120
925,121
925,124
927,1
927,2
927,5
927,12
927,21
927,22
927,23
927,33
927,45
927,46
927,47
927,48
927,69
927,70
927,109
927,120
927,121
927,122
927,123
928,1
928,2
928,36
928,6
928,39
928,75
928,109
928,78
928,124
928,21
928,22
928,56
928,122
928,123
928,120
928,126
929,32
929,20
929,5
930,120
930,10
930,12
931,120
931,121
931,122
931,109
932,131
932,12
932,109
932,53
932,54
932,122
933,64
933,97
933,66
933,67
933,123
933,12
933,109
933,78
933,53
933,56
933,122
933,88
933,63
934,1
934,98
934,99
934,12
934,81
934,82
934,83
934,88
935,1
935,98
935,99
935,12
935,81
935,82
938,88
938,115
939,112
939,65
939,113
940,110
941,122
941,123
941,63
942,129
942,12
942,53
942,126
943,66
943,67
943,68
943,69
943,70
943,71
943,74
943,109
943,47
943,48
943,55
943,58
943,63
944,71
944,12
944,120
944,121
944,124
945,66
945,67
945,68
945,69
945,70
945,71
945,74
945,109
945,47
945,48
945,55
945,63
946,32
946,126
947,33
947,34
947,21
947,55
947,120
947,121
948,1
948,101
948,5
948,103
948,104
948,12
948,108
949,109
950,66
950,67
950,68
950,69
950,70
950,72
950,73
950,74
950,109
950,111
950,88
950,58
951,120
951,121
952,64
952,65
952,97
952,100
952,70
952,109
952,87
952,88
952,121
952,122
952,120
952,63
953,114
953,109
953,110
953,71
954,1
954,2
954,33
954,5
954,7
954,8
954,20
954,21
955,1
955,97
955,98
955,99
955,69
955,100
955,12
955,87
955,88
955,92
955,93
955,94
956,97
956,100
956,101
956,85
956,87
956,88
956,89
957,64
957,65
957,101
957,70
957,12
957,79
957,81
957,82
957,51
957,53
957,54
957,85
957,120
957,121
957,126
957,63
958,32
958,69
958,70
958,10
958,11
958,47
958,48
958,88
958,122
958,61
958,126
958,127
959,1
959,66
959,97
959,100
959,37
959,38
959,39
959,69
959,122
959,44
959,87
959,88
959,89
959,90
959,91
959,92
959,93
960,1
960,66
960,97
960,100
960,37
960,38
960,39
960,69
960,122
960,44
960,87
960,88
960,89
960,90
960,91
960,92
960,93
961,1
961,2
961,9
961,37
961,38
961,39
961,44
961,52
961,55
961,66
961,67
961,69
961,88
961,89
961,91
961,97
961,101
961,109
961,122
961,123
962,1
962,66
962,100
962,37
962,38
962,39
962,69
962,122
962,44
962,87
962,88
962,89
962,90
962,91
962,92
962,93
963,1
963,2
963,9
963,37
963,38
963,39
963,44
963,52
963,55
963,66
963,67
963,69
963,88
963,89
963,91
963,97
963,101
963,109
963,122
963,123
964,98
964,99
964,12
964,81
964,53
964,54
964,88
965,1
965,66
965,67
965,68
965,69
965,70
965,100
965,12
965,13
965,76
965,77
965,78
965,79
965,87
965,88
966,66
966,67
966,68
966,69
966,73
966,74
966,58
967,1
967,12
967,13
967,87
967,88
967,90
968,96
968,1
968,98
968,99
968,12
968,13
968,53
968,87
968,88
968,94
969,88
969,114
969,12
969,109
970,98
970,99
970,12
970,53
970,88
971,1
971,98
971,99
971,12
971,13
971,76
971,77
971,53
971,88
972,98
972,99
972,12
972,53
972,88
973,88
973,99
973,53
973,63
974,120
975,2
975,66
975,67
975,9
975,43
975,52
975,53
975,54
975,55
975,122
975,91
976,65
976,1
976,69
976,70
976,101
976,43
976,12
976,77
976,78
976,79
976,81
976,84
976,88
976,123
976,120
976,126
977,120
977,121
978,120
978,121
978,128
979,70
979,109
979,21
979,22
979,23
979,120
979,122
979,30
980,2
980,11
980,109
980,47
980,122
980,127
981,2
981,71
981,12
981,53
981,54
981,88
981,120
982,71
982,10
982,12
982,109
982,110
982,47
982,48
982,111
982,122
983,33
983,2
983,36
983,12
983,51
983,53
983,55
983,120
983,121
983,122
983,124
983,126
984,128
984,2
984,70
984,108
984,109
984,51
984,122
985,64
985,1
985,65
985,97
985,122
985,109
985,87
985,88
985,90
985,92
985,93
985,63
986,67
986,69
986,70
986,72
986,74
986,109
986,58
986,63
987,120
987,121
987,122
987,124
988,2
988,12
988,51
988,53
988,54
988,55
988,56
988,58
988,63
988,64
988,65
988,66
988,67
988,70
988,78
988,120
988,121
988,122
988,123
988,124
989,9
989,101
989,53
990,33
990,2
990,36
990,5
990,12
990,51
990,21
990,22
990,53
990,55
990,122
990,126
991,81
991,82
991,12
991,87
992,98
992,99
992,12
992,81
992,82
992,53
992,54
993,128
993,2
993,66
993,68
993,101
993,70
993,103
993,120
993,121
993,122
993,123
993,124
993,125
993,126
994,70
994,10
994,109
994,48
994,122
994,127
995,98
995,99
995,12
995,120
995,121
996,71
996,12
996,109
996,112
996,113
996,114
996,63
997,66
997,67
997,68
997,69
997,70
997,12
997,109
997,52
997,53
997,54
997,122
997,63
998,1
998,33
998,5
998,6
998,43
998,108
998,77
998,21
998,120
998,121
998,122
998,59
998,63
1000,32
1000,108
1000,12
1000,54
1000,88
1000,121
1000,122
1000,120
1001,64
1001,65
1001,67
1001,101
1001,70
1001,71
1001,72
1001,73
1001,109
1001,63
1003,88
1003,122
1003,123
1003,70
1004,32
1004,1
1004,2
1004,12
1004,120
1004,121
1005,1
1005,67
1005,68
1005,69
1005,70
1005,71
1005,72
1005,9
1005,73
1005,74
1005,18
1005,58
1005,123
1005,60
1006,82
1006,53
1006,86
1006,98
1007,109
1008,1
1008,98
1008,99
1008,12
1008,13
1008,109
1009,1
1009,66
1009,67
1009,69
1009,70
1009,71
1009,72
1009,73
1009,101
1009,112
1009,113
1009,18
1009,63
1010,1
1010,66
1010,67
1010,69
1010,70
1010,71
1010,72
1010,73
1010,101
1010,112
1010,113
1010,18
1010,63
1011,69
1011,101
1011,71
1011,72
1011,18
1011,51
1011,54
1011,63
1012,53
1013,64
1013,1
1013,69
1013,101
1013,12
1013,82
1013,20
1014,88
1014,101
1015,112
1015,113
1015,120
1016,126
1017,122
1017,109
1017,110
1018,1
1018,87
1018,88
1018,89
1018,90
1018,91
1018,92
1018,93
1018,94
1019,113
1019,109
1019,110
1019,111
1020,109
1021,21
1021,33
1021,52
1021,55
1021,56
1021,58
1021,63
1021,64
1021,65
1021,67
1021,68
1021,69
1021,70
1021,71
1021,74
1021,75
1021,78
1021,109
1021,122
1022,1
1022,98
1022,101
1022,12
1022,109
1022,81
1023,66
1023,131
1023,6
1023,70
1023,40
1023,12
1023,45
1023,109
1023,20
1023,21
1023,22
1023,54
1023,122
1023,123
1023,29
1023,127
1024,88
1024,113
1024,109
1025,2
1025,34
1025,69
1025,71
1025,47
1025,48
1026,96
1026,1
1026,69
1026,87
1026,88
1026,90
1026,91
1026,92
1026,93
1026,94
1026,95
1027,64
1027,18
1028,2
1028,5
1028,6
1028,12
1028,20
1028,21
1028,22
1028,27
1028,29
1028,30
1028,36
1028,52
1028,53
1028,55
1028,56
1028,58
1028,63
1028,66
1028,67
1028,68
1028,69
1028,70
1028,74
1028,78
1028,109
1028,120
1028,121
1028,122
1028,123
1028,124
1029,112
1029,109
1030,9
1030,12
1031,9
1032,9
1032,12
1033,1
1033,2
1033,5
1033,12
1033,21
1033,22
1033,23
1033,24
1033,33
1033,36
1033,39
1033,40
1033,51
1033,52
1033,54
1033,63
1033,64
1033,65
1033,66
1033,67
1033,70
1033,78
1033,109
1033,122
1033,123
1034,120
1034,121
1035,69
1035,9
1035,108
1035,12
1035,120
1035,121
1035,122
1035,123
1036,96
1036,1
1036,98
1036,12
1036,81
1036,53
1036,54
1037,1
1037,2
1037,12
1037,18
1037,52
1037,53
1037,54
1037,55
1037,57
1037,58
1037,63
1037,64
1037,65
1037,66
1037,67
1037,70
1037,75
1037,76
1037,77
1037,78
1037,79
1037,81
1037,82
1037,83
1037,84
1037,86
1037,109
1038,12
1038,81
1038,82
1038,51
1038,52
1038,53
1038,54
1039,66
1039,67
1039,131
1039,69
1039,73
1039,53
1039,120
1039,121
1039,124
1041,120
1041,121
1041,101
1041,69
1042,12
1042,53
1043,64
1043,1
1043,66
1043,100
1043,69
1043,38
1043,39
1043,71
1043,122
1043,88
1043,90
1043,91
1043,92
1043,93
1043,63
1044,1
1044,71
1044,9
1044,109
1044,78
1044,113
1044,88
1044,121
1044,120
1045,112
1046,71
1047,2
1047,69
1047,11
1047,47
1047,124
1047,125
1047,88
1047,121
1047,122
1047,120
1047,61
1048,69
1048,10
1048,48
1048,125
1048,120
1048,121
1048,122
1048,124
1048,61
1048,126
1049,1
1049,2
1049,76
1049,77
1049,14
1049,78
1049,109
1049,81
1049,82
1049,86
1049,55
1049,56
1049,58
1049,88
1050,1
1050,66
1050,67
1050,69
1050,71
1050,73
1050,18
1050,87
1050,120
1050,90
1052,64
1052,65
1052,66
1052,67
1052,68
1052,69
1052,70
1052,71
1052,73
1052,109
1052,63
1053,2
1053,5
1053,6
1053,12
1053,14
1053,20
1053,21
1053,22
1053,36
1053,51
1053,52
1053,53
1053,56
1053,60
1053,66
1053,67
1053,69
1053,75
1053,76
1053,77
1053,78
1053,80
1053,106
1053,122
1053,123
1053,127
1054,2
1054,109
1054,51
1054,52
1054,60
1055,1
1055,12
1055,77
1055,13
1055,76
1055,82
1055,87
1055,90
1055,92
1055,94
1055,95
1056,69
1056,70
1056,10
1056,48
1056,120
1056,121
1056,61
1056,127
1058,101
1058,5
1058,12
1058,20
1058,28
1059,98
